model,AIC,BIC,log_likelihood,k
LogNormal,506243.5206299325,506261.5387477405,-253119.76031496626,2
LogLogistic,514938.8507069423,514956.8688247503,-257467.42535347116,2
Weibull,520587.4502905525,520605.4684083605,-260291.72514527626,2
Exponential,546520.0296428805,546529.0387017846,-273259.0148214403,1
